<?xml version="1.0" encoding="UTF-8"?>
<!DOCTYPE hibernate-mapping PUBLIC "-//Hibernate/Hibernate Mapping DTD 3.0//EN" "http://hibernate.sourceforge.net/hibernate-mapping-3.0.dtd">
<hibernate-mapping>
    <class entity-name="Products" name="org.joget.valuprosys.products.model.products" table="valu_products">
        <id column="id" name="id" type="string"/>
        <property column="name" name="name" type="string"/>
        <property column="description" name="description" type="string"/>
        <!-- join tables 
        <set name="employments" inverse="true">
            <key column="departmentId"/>
            <one-to-many entity-name="Employment"/>
        </set>
        <many-to-one column="organizationId" entity-name="Organization" name="organization"/>
        <many-to-one column="hod" entity-name="Employment" name="hod" cascade="delete"/>
        <set name="childrens">
            <key column="parentId"/>
            <one-to-many entity-name="Department"/>
        </set>
        <many-to-one column="parentId" entity-name="Department" name="parent"/>-->
    </class>
</hibernate-mapping>
